Train loss,Test loss,Accuracy
5.421947002410889,8.7911958694458,0.06977272778749466
8.628164291381836,11.901381492614746,0.09090909361839294
12.187173843383789,11.731382369995117,0.09090909361839294
12.390035629272461,11.962299346923828,0.09659090638160706
12.974150657653809,11.674400329589844,0.09090909361839294
11.084701538085938,12.772317886352539,0.09068182110786438
13.402585983276367,13.319290161132812,0.09090909361839294
13.582178115844727,13.445993423461914,0.09090909361839294
12.112585067749023,12.56924057006836,0.12386363744735718
13.542875289916992,13.317370414733887,0.09090909361839294
12.842752456665039,13.752910614013672,0.09090909361839294
11.757925033569336,12.783019065856934,0.15022727847099304
12.256011009216309,12.751955032348633,0.11999999731779099
13.942869186401367,12.617769241333008,0.1052272692322731
12.306188583374023,12.081504821777344,0.1504545509815216
12.177423477172852,12.568464279174805,0.1013636365532875
14.5009765625,12.942644119262695,0.09318181872367859
12.847270965576172,12.451889038085938,0.12159091234207153
12.129179000854492,12.073210716247559,0.16022726893424988
13.00181770324707,12.429821968078613,0.16045454144477844
11.624637603759766,12.661654472351074,0.1613636314868927
11.75161361694336,12.468722343444824,0.16090908646583557
11.214164733886719,12.260614395141602,0.16545455157756805
11.404159545898438,12.079549789428711,0.1627272665500641
12.102144241333008,12.086773872375488,0.15977272391319275
12.197805404663086,12.229940414428711,0.15340909361839294
12.27108383178711,12.419239044189453,0.1313636302947998
11.745244979858398,12.087191581726074,0.16340908408164978
11.37649154663086,12.10566234588623,0.1645454615354538
12.523889541625977,12.550600051879883,0.12227272987365723
11.157449722290039,12.436182975769043,0.16613636910915375
12.194223403930664,12.626648902893066,0.13659091293811798
12.80611801147461,12.771227836608887,0.10409090667963028
11.855148315429688,12.276805877685547,0.14386363327503204
12.747943878173828,12.17894458770752,0.1627272665500641
13.298948287963867,12.321701049804688,0.15159091353416443
10.741994857788086,12.327622413635254,0.1409090906381607
13.245241165161133,12.542723655700684,0.14136363565921783
12.482660293579102,12.72927188873291,0.10659091174602509
13.37934684753418,12.567950248718262,0.10931818187236786
12.84349536895752,12.29620361328125,0.1370454579591751
14.415510177612305,12.069100379943848,0.17499999701976776
12.882611274719238,11.995512962341309,0.18227273225784302
11.790225982666016,12.124211311340332,0.1599999964237213
11.230365753173828,12.241402626037598,0.1627272665500641
12.998860359191895,12.357475280761719,0.15840908885002136
15.029623031616211,12.360963821411133,0.15454545617103577
11.978462219238281,12.194375991821289,0.1613636314868927
11.2192964553833,12.002089500427246,0.18090909719467163
14.656106948852539,12.019969940185547,0.18477272987365723
13.622400283813477,12.19881534576416,0.15340909361839294
11.23311996459961,12.364603042602539,0.1274999976158142
13.057260513305664,12.129432678222656,0.16659091413021088
10.66090202331543,12.005553245544434,0.17886362969875336
10.697681427001953,12.183856010437012,0.15522727370262146
12.997420310974121,12.34993839263916,0.14749999344348907
14.14334774017334,12.479375839233398,0.13681818544864655
11.34840202331543,12.469923973083496,0.13795454800128937
10.830109596252441,12.426787376403809,0.14000000059604645
13.055978775024414,12.382031440734863,0.13977272808551788
11.903786659240723,12.379690170288086,0.12999999523162842
11.841452598571777,12.374791145324707,0.12704545259475708
13.448356628417969,12.227130889892578,0.14454545080661774
12.862824440002441,12.062155723571777,0.16795454919338226
12.288507461547852,11.975517272949219,0.18386363983154297
10.485383987426758,11.946684837341309,0.18909090757369995
12.899654388427734,11.927252769470215,0.19045454263687134
10.926000595092773,11.949650764465332,0.1906818151473999
13.358115196228027,12.060736656188965,0.16909091174602509
12.639297485351562,12.187460899353027,0.14840908348560333
11.503344535827637,12.36756706237793,0.12863636016845703
13.400976181030273,12.448474884033203,0.12022726982831955
13.530072212219238,12.48448657989502,0.1186363622546196
13.756715774536133,12.329980850219727,0.12999999523162842
9.764030456542969,12.099730491638184,0.16113635897636414
13.016789436340332,11.966635704040527,0.19022727012634277
10.267858505249023,11.928884506225586,0.19659091532230377
10.891021728515625,11.918229103088379,0.1952272653579712
13.428627014160156,11.879590034484863,0.20749999582767487
11.393386840820312,11.894987106323242,0.19977273046970367
13.175987243652344,11.96941089630127,0.1868181824684143
12.956459999084473,12.042985916137695,0.17749999463558197
12.878650665283203,12.061075210571289,0.1754545420408249
10.257181167602539,12.031023979187012,0.17749999463558197
11.951093673706055,11.935705184936523,0.19681818783283234
12.886274337768555,11.889931678771973,0.20636363327503204
10.2095947265625,11.907002449035645,0.1970454603433609
10.98453426361084,11.932817459106445,0.18704545497894287
13.509928703308105,11.909524917602539,0.1963636428117752
11.738607406616211,11.884222030639648,0.20818181335926056
13.703989028930664,11.903559684753418,0.19750000536441803
11.458965301513672,11.887247085571289,0.20386363565921783
9.795612335205078,11.877673149108887,0.20704545080661774
11.734339714050293,11.89314079284668,0.2009090930223465
11.237028121948242,11.908406257629395,0.1945454478263855
13.356103897094727,11.907265663146973,0.19295454025268555
13.264777183532715,11.911718368530273,0.1984090954065323
13.242143630981445,11.910421371459961,0.19931818544864655
9.775373458862305,11.90351676940918,0.1977272778749466
12.799296379089355,11.897418022155762,0.19977273046970367
11.180252075195312,11.89551830291748,0.20204545557498932
12.556072235107422,11.894487380981445,0.20454545319080353
11.930063247680664,11.883386611938477,0.20772726833820343
12.70924186706543,11.878868103027344,0.20818181335926056
12.857794761657715,11.870199203491211,0.2111363708972931
13.417572975158691,11.872133255004883,0.21159091591835022
13.318639755249023,11.885843276977539,0.20681817829608917
14.210037231445312,11.907147407531738,0.1984090954065323
9.825996398925781,11.929326057434082,0.1899999976158142
10.865434646606445,11.930120468139648,0.19363635778427124
10.810251235961914,11.919342994689941,0.1963636428117752
10.173345565795898,11.903973579406738,0.19931818544864655
10.35556697845459,11.90111255645752,0.20045454800128937
13.784441947937012,11.887222290039062,0.20704545080661774
11.702880859375,11.875493049621582,0.21090908348560333
9.421040534973145,11.865344047546387,0.2136363685131073
12.184587478637695,11.886966705322266,0.2040909081697464
11.359332084655762,11.900272369384766,0.1995454579591751
13.829797744750977,11.907711029052734,0.19795455038547516
10.425488471984863,11.893805503845215,0.20181818306446075
11.23440170288086,11.873790740966797,0.20954544842243195
11.245076179504395,11.864441871643066,0.21477273106575012
10.415674209594727,11.888357162475586,0.20818181335926056
11.220605850219727,11.947232246398926,0.18954545259475708
10.272275924682617,12.015913009643555,0.17818181216716766
12.09620475769043,12.091955184936523,0.16886363923549652
12.818583488464355,12.128304481506348,0.1652272790670395
12.778242111206055,12.11500358581543,0.1702272742986679
11.78199291229248,12.087015151977539,0.17499999701976776
11.972562789916992,12.033425331115723,0.18090909719467163
11.187849044799805,11.988435745239258,0.18454545736312866
12.825936317443848,11.94421672821045,0.18659090995788574
11.06743335723877,11.897276878356934,0.1995454579591751
11.766517639160156,11.872476577758789,0.2086363583803177
10.784717559814453,11.873147964477539,0.2111363708972931
13.115804672241211,11.895557403564453,0.2015909105539322
10.39532470703125,11.89924430847168,0.2009090930223465
12.991695404052734,11.904823303222656,0.20454545319080353
13.150712966918945,11.92247200012207,0.19909091293811798
12.274591445922852,11.958669662475586,0.18909090757369995
13.20411491394043,11.985272407531738,0.18659090995788574
11.706223487854004,11.985037803649902,0.18727272748947144
11.170804977416992,11.972012519836426,0.19113636016845703
13.164042472839355,11.955747604370117,0.1938636302947998
10.88320255279541,11.918903350830078,0.19931818544864655
13.132379531860352,11.905186653137207,0.20000000298023224
12.73107624053955,11.901885032653809,0.20000000298023224
13.644096374511719,11.896915435791016,0.20204545557498932
10.798230171203613,11.883954048156738,0.20545454323291779
9.799285888671875,11.873824119567871,0.207954540848732
10.064842224121094,11.862311363220215,0.21477273106575012
10.744098663330078,11.864473342895508,0.21636363863945007
11.468526840209961,11.89322566986084,0.207954540848732
11.280261039733887,11.93270492553711,0.1963636428117752
10.85244369506836,11.958746910095215,0.18863636255264282
11.006610870361328,11.962315559387207,0.18227273225784302
11.463335990905762,11.871419906616211,0.18840909004211426
13.63221263885498,11.750863075256348,0.19159090518951416
11.890344619750977,11.552602767944336,0.19340908527374268
11.662993431091309,11.323878288269043,0.20295454561710358
10.961048126220703,11.04265308380127,0.2097727209329605
10.624332427978516,10.56112289428711,0.2129545509815216
10.193807601928711,9.686518669128418,0.20954544842243195
8.576014518737793,8.454298973083496,0.2086363583803177
7.652614116668701,7.221683502197266,0.22727273404598236
8.631336212158203,6.146176815032959,0.1550000011920929
5.927607536315918,5.09622859954834,0.10750000178813934
5.836099624633789,3.9257936477661133,0.10340908914804459
4.720845699310303,3.1101479530334473,0.12022726982831955
3.512941360473633,2.7282874584198,0.10363636165857315
2.710564613342285,2.552853584289551,0.09204545617103577
2.6737799644470215,2.4741365909576416,0.11727272719144821
2.6063365936279297,2.437502384185791,0.10113636404275894
2.5194828510284424,2.417064905166626,0.12159091234207153
2.48046875,2.4090495109558105,0.16431818902492523
2.3850574493408203,2.404496669769287,0.17499999701976776
2.4208781719207764,2.391813039779663,0.17568181455135345
2.418128490447998,2.3759372234344482,0.16931818425655365
2.4538421630859375,2.3616137504577637,0.16909091174602509
2.3820114135742188,2.3492348194122314,0.16909091174602509
2.2421352863311768,2.3414788246154785,0.1702272742986679
2.3431012630462646,2.3347384929656982,0.1740909069776535
2.2924625873565674,2.328126907348633,0.1740909069776535
2.3585824966430664,2.3219265937805176,0.1754545420408249
2.3206963539123535,2.3152267932891846,0.17909090220928192
2.2697346210479736,2.307007074356079,0.18409091234207153
2.3174943923950195,2.298272132873535,0.18659090995788574
2.3151750564575195,2.2876129150390625,0.1888636350631714
2.302403688430786,2.27482533454895,0.18727272748947144
2.316154956817627,2.261739730834961,0.18840909004211426
2.177508592605591,2.2474915981292725,0.19022727012634277
2.175966501235962,2.232975959777832,0.19659091532230377
2.061424970626831,2.229923725128174,0.19886364042758942
2.288835287094116,2.2481393814086914,0.2009090930223465
2.313164710998535,2.2246339321136475,0.20613636076450348
2.2967491149902344,2.1981630325317383,0.21318182349205017
2.1045022010803223,2.1891016960144043,0.20954544842243195
2.1555004119873047,2.181222677230835,0.21545454859733582
2.298581838607788,2.166236639022827,0.2263636291027069
2.3894283771514893,2.138416290283203,0.23499999940395355
2.1553502082824707,2.1126768589019775,0.24318182468414307
2.2988955974578857,2.0814661979675293,0.2511363625526428
2.0412583351135254,2.0570321083068848,0.2672727406024933
2.060586452484131,2.0392041206359863,0.27522727847099304
2.1454687118530273,2.034097671508789,0.2786363661289215
2.0142383575439453,2.0401012897491455,0.27909091114997864
2.2212541103363037,2.0495336055755615,0.2659091055393219
2.1698265075683594,2.04459285736084,0.2711363732814789
2.156975507736206,2.028785467147827,0.27909091114997864
2.0961358547210693,2.0163543224334717,0.2788636386394501
2.2377519607543945,2.0138144493103027,0.26818183064460754
2.0216822624206543,2.008119583129883,0.2690909206867218
2.1785995960235596,2.0080223083496094,0.26045453548431396
1.9916961193084717,2.0164740085601807,0.25090909004211426
2.1138861179351807,2.033639907836914,0.23886363208293915
2.1619441509246826,2.032623291015625,0.24409091472625732
2.1838290691375732,2.014108657836914,0.25681817531585693
2.101534843444824,1.9827570915222168,0.2736363708972931
2.021552324295044,1.9556792974472046,0.28681817650794983
2.0996503829956055,1.9358588457107544,0.2977272868156433
1.8661634922027588,1.921492338180542,0.2954545319080353
1.843982219696045,1.9121167659759521,0.2881818115711212
2.174666404724121,1.9085252285003662,0.28227272629737854
2.025420665740967,1.9101067781448364,0.2670454680919647
1.8211960792541504,1.92690110206604,0.2647727131843567
2.2445859909057617,1.9072976112365723,0.2811363637447357
1.8965449333190918,1.9100894927978516,0.2888636291027069
2.045712947845459,1.8731824159622192,0.30909091234207153
1.7992520332336426,1.8640477657318115,0.3079545497894287
1.9627313613891602,1.8726855516433716,0.2972727417945862
1.979076623916626,1.8792003393173218,0.28977271914482117
1.9619793891906738,1.8960565328598022,0.2718181908130646
2.0044288635253906,1.9292794466018677,0.26363635063171387
1.9329285621643066,1.9368658065795898,0.264090895652771
2.1413445472717285,1.9325642585754395,0.26931819319725037
2.0533080101013184,1.8978580236434937,0.2718181908130646
2.0592076778411865,1.8606470823287964,0.2743181884288788
1.856722354888916,1.8651798963546753,0.2786363661289215
1.8772366046905518,1.8993573188781738,0.2686363756656647
2.0290093421936035,1.8874249458312988,0.27704545855522156
1.8411191701889038,1.8380067348480225,0.29431816935539246
1.8593783378601074,1.8314236402511597,0.30886363983154297
1.9112577438354492,1.8755121231079102,0.3050000071525574
1.9223225116729736,1.87318754196167,0.30840909481048584
2.0944762229919434,1.8357940912246704,0.32295453548431396
1.8863900899887085,1.824730396270752,0.31659090518951416
1.9135634899139404,1.835079312324524,0.3097727298736572
1.8773361444473267,1.847057580947876,0.3131818175315857
2.1948506832122803,1.8746099472045898,0.3104545474052429
1.663743495941162,1.898034930229187,0.30318182706832886
1.8536467552185059,1.89450204372406,0.3043181896209717
1.8860005140304565,1.8807636499404907,0.2972727417945862
1.9508702754974365,1.8718693256378174,0.3002272844314575
1.9164519309997559,1.8568472862243652,0.30068182945251465
1.8541691303253174,1.8596221208572388,0.2997727394104004
1.8828648328781128,1.864111065864563,0.3061363697052002
2.1274616718292236,1.8306468725204468,0.32227271795272827
2.1629533767700195,1.7859050035476685,0.3520454466342926
1.7792096138000488,1.7820371389389038,0.3559090793132782
1.78484046459198,1.7835835218429565,0.36181819438934326
1.967373251914978,1.772167444229126,0.37522727251052856
2.0871376991271973,1.7728580236434937,0.375
1.8502453565597534,1.78377103805542,0.3604545593261719
1.994642972946167,1.8077197074890137,0.34840908646583557
1.9100801944732666,1.8185020685195923,0.3413636386394501
1.9923076629638672,1.7961993217468262,0.35363635420799255
1.6920201778411865,1.78386390209198,0.3597727417945862
1.891693115234375,1.7837002277374268,0.36318182945251465
1.8171436786651611,1.7903668880462646,0.3565908968448639
1.7730257511138916,1.7925399541854858,0.357045441865921
1.7840468883514404,1.8001346588134766,0.34931817650794983
1.6752581596374512,1.8047518730163574,0.34909090399742126
1.8265503644943237,1.7794041633605957,0.3515909016132355
1.7897655963897705,1.7693384885787964,0.3552272617816925
2.0112600326538086,1.7542730569839478,0.35568180680274963
1.6932971477508545,1.7529929876327515,0.36250001192092896
1.9119653701782227,1.767197608947754,0.3527272641658783
2.050940990447998,1.782793641090393,0.3354545533657074
1.7793998718261719,1.797202706336975,0.32181817293167114
2.070641279220581,1.8113657236099243,0.31409090757369995
1.8264732360839844,1.824483871459961,0.3100000023841858
1.6342138051986694,1.8306180238723755,0.31204545497894287
1.8791930675506592,1.8164423704147339,0.3138636350631714
1.8003220558166504,1.801398754119873,0.3125
1.7950146198272705,1.805494785308838,0.3106818199157715
2.1263625621795654,1.804953932762146,0.32113635540008545
1.9841452836990356,1.8031150102615356,0.3431818187236786
1.7290740013122559,1.832847237586975,0.35431817173957825
1.9541232585906982,1.854715347290039,0.34727272391319275
2.1101038455963135,1.8644167184829712,0.3463636338710785
1.925498127937317,1.8627249002456665,0.3400000035762787
2.1026105880737305,1.8483796119689941,0.3386363685131073
1.9867095947265625,1.8224287033081055,0.3449999988079071
2.057631015777588,1.8078023195266724,0.34590908885002136
1.863203763961792,1.7916265726089478,0.35613635182380676
1.9264695644378662,1.7741206884384155,0.3640909194946289
1.9679105281829834,1.766329050064087,0.35931816697120667
1.7995667457580566,1.7583744525909424,0.3665909171104431
1.9586443901062012,1.7478598356246948,0.3675000071525574
1.9067606925964355,1.735817790031433,0.3665909171104431
1.963895320892334,1.7367836236953735,0.3615909218788147
1.6443326473236084,1.7321922779083252,0.3615909218788147
1.8238356113433838,1.7118042707443237,0.3777272701263428
1.8515393733978271,1.6968473196029663,0.38886362314224243
1.8426220417022705,1.7036162614822388,0.3834090828895569
1.6944019794464111,1.7193522453308105,0.36886364221572876
1.9436488151550293,1.7194045782089233,0.36636364459991455
1.716856598854065,1.7302929162979126,0.35931816697120667
2.0764682292938232,1.7553637027740479,0.35249999165534973
2.0075364112854004,1.7669415473937988,0.3506818115711212
1.749182939529419,1.7795872688293457,0.3495454490184784
1.8975297212600708,1.7763811349868774,0.3509090840816498
1.9757473468780518,1.766322135925293,0.35931816697120667
1.706826090812683,1.752379298210144,0.35818180441856384
1.8869266510009766,1.7407863140106201,0.3590908944606781
1.8936845064163208,1.7555041313171387,0.3477272689342499
1.824865460395813,1.7802420854568481,0.33636364340782166
1.8172287940979004,1.8056015968322754,0.3295454680919647
1.7658696174621582,1.8272252082824707,0.32295453548431396
1.7718886137008667,1.8346952199935913,0.31727272272109985
1.9289662837982178,1.8234959840774536,0.32886365056037903
1.8141456842422485,1.8110463619232178,0.3322727382183075
1.7015445232391357,1.7889477014541626,0.334090918302536
1.8639785051345825,1.755313754081726,0.3436363637447357
1.9057880640029907,1.7195348739624023,0.34545454382896423
2.054994821548462,1.7229164838790894,0.3359090983867645
1.8181509971618652,1.759371280670166,0.3315909206867218
1.9411216974258423,1.7263414859771729,0.34022727608680725
1.815920352935791,1.71868896484375,0.34727272391319275
1.8949607610702515,1.7022318840026855,0.357045441865921
1.414979338645935,1.7063795328140259,0.357045441865921
1.731307864189148,1.7475074529647827,0.34295454621315
1.7911323308944702,1.823055386543274,0.32818183302879333
1.8037643432617188,1.863723635673523,0.3252272605895996
1.913602352142334,1.805406928062439,0.31909090280532837
1.6810247898101807,1.765794277191162,0.3184090852737427
2.1204473972320557,1.754914402961731,0.3247727155685425
1.9490563869476318,1.787467122077942,0.3170454502105713
1.6081764698028564,1.8300306797027588,0.29863637685775757
1.827338457107544,1.8724160194396973,0.2845454514026642
2.1626248359680176,1.8814529180526733,0.28613635897636414
1.6296347379684448,1.8981690406799316,0.28659090399742126
2.0066986083984375,1.8665919303894043,0.29636362195014954
1.9915121793746948,1.7991902828216553,0.31931817531585693
1.9025983810424805,1.7398221492767334,0.3443181812763214
1.9582339525222778,1.72386634349823,0.348181813955307
1.727830171585083,1.7333263158798218,0.3436363637447357
1.8387442827224731,1.7497010231018066,0.3406818211078644
1.7893993854522705,1.7468079328536987,0.3436363637447357
1.99277663230896,1.734141230583191,0.34909090399742126
1.788301944732666,1.7231487035751343,0.34977272152900696
1.8313238620758057,1.7121460437774658,0.35681816935539246
1.7431631088256836,1.697497844696045,0.3704545497894287
1.677630066871643,1.6885532140731812,0.37727272510528564
1.7069112062454224,1.694316029548645,0.3777272701263428
1.8461320400238037,1.705826759338379,0.3704545497894287
1.555180549621582,1.7270479202270508,0.3654545545578003
1.715270757675171,1.7530149221420288,0.3502272665500641
2.0809836387634277,1.722348690032959,0.3565908968448639
1.8308056592941284,1.6999530792236328,0.3672727346420288
1.8375177383422852,1.7389027786254883,0.34363636363636363
1.8549424409866333,1.7560034968636253,0.3484090909090909
1.7859525680541992,1.7777775777469982,0.33590909090909093
1.9517595767974854,1.7443376983295789,0.35568181818181815
1.5267853736877441,1.709777605750344,0.37
1.616424560546875,1.6843278798190031,0.3809090909090909
1.7555298805236816,1.6713904116370462,0.37727272727272726
1.9358850717544556,1.6770210188085382,0.36977272727272725
1.7234268188476562,1.67967960617759,0.3663636363636364
1.6963201761245728,1.6944883389906449,0.3502272727272727
1.8766238689422607,1.7167989739504728,0.33454545454545453
1.862959384918213,1.720659692070701,0.3352272727272727
1.7005257606506348,1.6977865401181307,0.34954545454545455
1.8349714279174805,1.6742284939505838,0.37136363636363634
1.8581525087356567,1.6607995384389704,0.38181818181818183
1.8283963203430176,1.670536607395519,0.37477272727272726
1.6241605281829834,1.6931926666606556,0.3690909090909091
1.8700768947601318,1.6955861932581122,0.37477272727272726
2.090974807739258,1.6792169024727561,0.3840909090909091
1.3865466117858887,1.6758571295304732,0.3906818181818182
1.6965327262878418,1.7033633908358488,0.37886363636363635
1.742067813873291,1.7648217955502596,0.3415909090909091
1.801725149154663,1.8004507021470504,0.335
1.9736058712005615,1.7775125486200507,0.345
1.8669278621673584,1.7242187443646517,0.37227272727272726
1.694410800933838,1.7156067752838136,0.3775
1.638035535812378,1.7262955258109354,0.3725
2.0697948932647705,1.7589706767689097,0.35818181818181816
1.6363378763198853,1.8022083317149769,0.3377272727272727
1.969714879989624,1.7992029970342462,0.33636363636363636
1.6972768306732178,1.7817885225469416,0.3402272727272727
1.7107479572296143,1.7665808170492,0.345
1.867964267730713,1.7672152384844693,0.3402272727272727
1.6141321659088135,1.7740193288976496,0.33181818181818185
1.5350865125656128,1.7705747283588755,0.33340909090909093
1.6116375923156738,1.7700500640002164,0.3261363636363636
1.8358975648880005,1.7605710463090376,0.3311363636363636
1.626032829284668,1.743722493431785,0.3393181818181818
1.7210570573806763,1.7256365598331798,0.3484090909090909
1.7378509044647217,1.7086723058873956,0.3634090909090909
1.5952308177947998,1.703514505299655,0.3734090909090909
1.7292039394378662,1.7106745667891068,0.3856818181818182
1.8449647426605225,1.7166769894686613,0.3840909090909091
1.5591577291488647,1.71176889332858,0.38386363636363635
1.9873952865600586,1.69899046941237,0.3831818181818182
1.7010743618011475,1.6784414547139948,0.3856818181818182
1.8434635400772095,1.665366278995167,0.39204545454545453
1.8493494987487793,1.659529361291365,0.39795454545454545
1.7873358726501465,1.6617905608090486,0.40295454545454545
1.6072368621826172,1.667299593145197,0.40704545454545454
1.532747507095337,1.6694953632354737,0.4090909090909091
2.021707057952881,1.6686398306759922,0.4081818181818182
1.8547096252441406,1.6702219382199375,0.4022727272727273
1.5326383113861084,1.675992402163419,0.3922727272727273
2.00846529006958,1.6839413729580965,0.3825
1.889500379562378,1.6786688934672962,0.3809090909090909
1.8841869831085205,1.6702142971212213,0.3756818181818182
1.7760252952575684,1.652918432409113,0.38136363636363635
1.434536337852478,1.6426875413547863,0.3870454545454545
1.834739327430725,1.6328358554840088,0.3856818181818182
1.7263675928115845,1.6242271679097955,0.3884090909090909
1.7757779359817505,1.618739696415988,0.3972727272727273
1.7761976718902588,1.627176574793729,0.40545454545454546
1.5638821125030518,1.639817491011186,0.41113636363636363
1.5140609741210938,1.6434702244671908,0.41295454545454546
1.9191324710845947,1.6538878267461603,0.4011363636363636
1.865718126296997,1.6287469677491622,0.405
1.738816738128662,1.6185430123589255,0.4027272727272727
1.6470134258270264,1.6272783686897971,0.39181818181818184
1.7297048568725586,1.6476908839832654,0.37522727272727274
1.525950312614441,1.655209727720781,0.3693181818181818
1.502769112586975,1.6514019281213934,0.3740909090909091
1.821540355682373,1.6507879885760222,0.37886363636363635
1.7029424905776978,1.6526784805818038,0.3765909090909091
1.7170007228851318,1.6485659811713478,0.37727272727272726
1.8071091175079346,1.6539511000026357,0.3704545454545455
1.959618330001831,1.6351924354379828,0.38045454545454543
1.541707158088684,1.612765440940857,0.38977272727272727
1.5221443176269531,1.6095793823762374,0.3931818181818182
1.7519793510437012,1.6289512981068004,0.3952272727272727
1.3327538967132568,1.6710541889884256,0.3834090909090909
1.9538164138793945,1.674869049245661,0.3831818181818182
1.7268059253692627,1.6489374091408469,0.39
1.8333048820495605,1.620156886360862,0.395
1.5384232997894287,1.605497626391324,0.4015909090909091
1.5845599174499512,1.613702899759466,0.39886363636363636
1.6925289630889893,1.6322236321189187,0.39
1.3145442008972168,1.663898621038957,0.3740909090909091
1.7042481899261475,1.6814893605492331,0.3704545454545455
1.482243299484253,1.6906658805500376,0.36977272727272725
1.4544700384140015,1.6795622270757502,0.38113636363636366
1.7725805044174194,1.6584506533362648,0.39386363636363636
1.7722434997558594,1.642092386592518,0.4059090909090909
1.6921095848083496,1.6458446936173872,0.40795454545454546
1.8824846744537354,1.6587153634158047,0.4
1.637482762336731,1.6710681065646085,0.3997727272727273
1.5710797309875488,1.691638541655107,0.3936363636363636
1.6988564729690552,1.6608081210743297,0.3952272727272727
1.8885669708251953,1.635968166698109,0.3965909090909091
1.9314841032028198,1.6011980386213822,0.4031818181818182
1.7357208728790283,1.604463627988642,0.40136363636363637
1.6884021759033203,1.649187506762418,0.3820454545454545
1.59263277053833,1.7187198543548583,0.3634090909090909
2.1627025604248047,1.728947843204845,0.36113636363636364
1.9465543031692505,1.6864715948971836,0.36727272727272725
1.4529056549072266,1.6553936412117698,0.37272727272727274
1.849003553390503,1.6495224103060635,0.3729545454545454
1.615105152130127,1.6565865698727695,0.3679545454545455
1.5424872636795044,1.6766110402887517,0.3613636363636364
1.683282494544983,1.7007274224541404,0.35113636363636364
1.6312713623046875,1.7110839327898892,0.3534090909090909
1.5283634662628174,1.72291166305542,0.35295454545454547
1.7775787115097046,1.7167270963842218,0.3588636363636364
1.7254935503005981,1.700719911401922,0.36477272727272725
1.6495773792266846,1.6846492572264238,0.37136363636363634
1.5475983619689941,1.6657691834189674,0.38386363636363635
1.6031157970428467,1.6610610619458286,0.3856818181818182
1.8197665214538574,1.665532970861955,0.38295454545454544
1.7361341714859009,1.6634024841135198,0.38727272727272727
1.5124895572662354,1.654778196594932,0.39045454545454544
1.5485708713531494,1.6473733082684603,0.3859090909090909
1.452683448791504,1.6354462402517145,0.39181818181818184
1.5158908367156982,1.6188069434599444,0.39840909090909093
1.4140440225601196,1.605361642404036,0.4077272727272727
1.6091289520263672,1.5916655982624401,0.41704545454545455
2.193995952606201,1.5783115196228028,0.4188636363636364
1.6573083400726318,1.597331907532432,0.4052272727272727
1.5841714143753052,1.5894819133931941,0.41454545454545455
1.5771369934082031,1.6023414837230336,0.4088636363636364
1.6444416046142578,1.5925832319259643,0.4193181818181818
1.4222850799560547,1.5901033765619452,0.4072727272727273
1.7394249439239502,1.6080865833976052,0.39886363636363636
1.6355304718017578,1.6279937327991831,0.38795454545454544
1.7641286849975586,1.646848861954429,0.37795454545454543
1.8930158615112305,1.6488348310643977,0.3759090909090909
1.6561236381530762,1.642127551165494,0.38022727272727275
1.6597130298614502,1.6265779720653186,0.39204545454545453
1.8569090366363525,1.6208797628229314,0.3927272727272727
1.8859100341796875,1.6095156166770241,0.4068181818181818
1.5502843856811523,1.6060200786590577,0.4122727272727273
1.357008457183838,1.6150319437547163,0.4106818181818182
1.5761858224868774,1.6249014377593993,0.41045454545454546
1.5833165645599365,1.6260510071841152,0.4131818181818182
1.8379430770874023,1.615451368852095,0.4127272727272727
1.5026679039001465,1.607058962908658,0.4115909090909091
1.74009108543396,1.6065547813068737,0.4065909090909091
1.6457371711730957,1.6100941892103715,0.3931818181818182
1.6144293546676636,1.6081087806008079,0.3911363636363636
1.4107234477996826,1.6107083363966508,0.38727272727272727
1.6014702320098877,1.6119436459107832,0.3902272727272727
1.4301519393920898,1.6079808113791725,0.39954545454545454
1.5829508304595947,1.6048598272150214,0.4088636363636364
1.5535060167312622,1.6024807067350908,0.4175
1.6145752668380737,1.6087906989184293,0.4234090909090909
1.639991044998169,1.6130872197584671,0.41113636363636363
1.8179470300674438,1.608792864192616,0.4084090909090909
1.6302804946899414,1.6060058879852295,0.4047727272727273
1.9686394929885864,1.6113318885456431,0.39340909090909093
1.4854943752288818,1.6151761081001976,0.3865909090909091
1.7412868738174438,1.6106618603793057,0.37886363636363635
1.6511530876159668,1.6080000001733954,0.37977272727272726
1.559313178062439,1.6118707167018544,0.37977272727272726
1.4579529762268066,1.603871786811135,0.3806818181818182
1.853140950202942,1.5895995131405918,0.39
1.763357162475586,1.5733299186012961,0.4027272727272727
1.8489094972610474,1.5632940157977018,0.4147727272727273
1.9357706308364868,1.5622060463645242,0.42113636363636364
1.6015517711639404,1.5650517481023616,0.4309090909090909
1.407677412033081,1.5736868182095614,0.4325
1.6390682458877563,1.5727634620666504,0.4334090909090909
1.4931435585021973,1.5720740795135497,0.43863636363636366
1.6446973085403442,1.5687780154835094,0.4375
1.623162031173706,1.563678001057018,0.4409090909090909
1.5456626415252686,1.5609598784013228,0.44363636363636366
1.649113655090332,1.5549211866205388,0.43863636363636366
1.5470917224884033,1.5617020958120174,0.4268181818181818
1.6280019283294678,1.5785609817504882,0.4172727272727273
1.5531234741210938,1.5850472836060958,0.4122727272727273
1.4903159141540527,1.5856395465677435,0.4134090909090909
1.5221048593521118,1.5709749299829656,0.42159090909090907
1.7234606742858887,1.5667982027747414,0.42113636363636364
1.6327208280563354,1.5776025954159822,0.4127272727272727
1.4456818103790283,1.5983428209478205,0.4034090909090909
1.6650855541229248,1.6078647396781227,0.4025
1.4946730136871338,1.6104893953149968,0.3997727272727273
1.4425606727600098,1.6114495064995507,0.3990909090909091
1.7205810546875,1.5950006623701616,0.4009090909090909
2.2027454376220703,1.5893078994750978,0.4040909090909091
1.8497490882873535,1.5944711477106268,0.4047727272727273
1.4557206630706787,1.6144108382138338,0.3947727272727273
1.6863579750061035,1.6320948462052778,0.38386363636363635
1.4528992176055908,1.6228699614784934,0.3875
1.6307651996612549,1.6158945061943748,0.39295454545454545
1.6604012250900269,1.6012149836800316,0.3986363636363636
1.7016971111297607,1.5874605430256237,0.40795454545454546
1.8555269241333008,1.5658965214816007,0.42613636363636365
1.7459256649017334,1.554479587728327,0.43886363636363634
1.3907644748687744,1.5411749653382736,0.44477272727272726
1.7074129581451416,1.5354783482985064,0.4509090909090909
1.1296546459197998,1.5403112949024547,0.44545454545454544
1.3886220455169678,1.5457518126747825,0.4354545454545454
1.6967763900756836,1.5474516201019286,0.42818181818181816
1.5420536994934082,1.558612008528276,0.4134090909090909
1.3601744174957275,1.580023649822582,0.4015909090909091
1.4813975095748901,1.5915459823608398,0.39840909090909093
1.698770523071289,1.5933735526691784,0.3956818181818182
1.2468476295471191,1.6004297707297586,0.39181818181818184
1.4577454328536987,1.60041710246693,0.39795454545454545
1.745050072669983,1.5653196915713223,0.41818181818181815
1.6443026065826416,1.5491676759719848,0.4325
1.5109927654266357,1.6017246142300692,0.3890909090909091
1.6324841976165771,1.562157402905551,0.4265909090909091
1.5552102327346802,1.5788008819926869,0.4193181818181818
1.5427155494689941,1.5783708091215654,0.4156818181818182
1.3412039279937744,1.571099498055198,0.41704545454545455
1.6683683395385742,1.5378664259477095,0.4290909090909091
1.4203343391418457,1.5368382679332386,0.4263636363636364
1.5482115745544434,1.544437974583019,0.4325
1.4801945686340332,1.5578910476511174,0.4268181818181818
1.4944729804992676,1.561079001860185,0.4259090909090909
1.5514838695526123,1.562350432656028,0.42
1.5990843772888184,1.5767372885617343,0.41954545454545455
1.6614046096801758,1.6053562966260042,0.4202272727272727
1.5703294277191162,1.6098949310996316,0.4202272727272727
1.6137304306030273,1.5726385029879484,0.43
1.5564019680023193,1.5432761894572864,0.45
1.6208611726760864,1.524296708540483,0.4622727272727273
1.449678897857666,1.5176581209356135,0.46045454545454545
1.619499683380127,1.5223072403127498,0.45636363636363636
1.322230577468872,1.5231478530710394,0.45636363636363636
1.2971961498260498,1.5259308650276877,0.4511363636363636
1.5028822422027588,1.5324745694073765,0.4420454545454545
1.7120215892791748,1.5420336376536976,0.4334090909090909
1.3731777667999268,1.5384620163657448,0.4329545454545455
1.6962732076644897,1.549286883094094,0.4293181818181818
1.8877735137939453,1.571192599209872,0.42727272727272725
1.2982268333435059,1.614036361954429,0.41659090909090907
1.4846935272216797,1.6472881785306064,0.41454545454545455
1.5970759391784668,1.6050820602070202,0.42772727272727273
1.3707098960876465,1.526181431683627,0.44545454545454544
1.349320650100708,1.5104134061119774,0.45022727272727275
1.4591701030731201,1.5236749982833862,0.43386363636363634
1.8212158679962158,1.538835491700606,0.42272727272727273
1.6461200714111328,1.5461003225499934,0.4225
1.6791943311691284,1.5462416015971792,0.42204545454545456
1.666411280632019,1.5357030222632668,0.43204545454545457
1.865694284439087,1.5162620106610385,0.4465909090909091
1.7422645092010498,1.5058959605477074,0.4593181818181818
1.4089891910552979,1.4991102166609331,0.4681818181818182
1.5614086389541626,1.5154531041058628,0.4681818181818182
1.7947719097137451,1.5631537957624955,0.45340909090909093
1.6263307332992554,1.5816908970746126,0.44636363636363635
1.4390735626220703,1.5799486056241123,0.4420454545454545
1.467780351638794,1.5668373996561225,0.445
1.9723533391952515,1.5481093042547052,0.4506818181818182
1.8242712020874023,1.5426213177767667,0.43977272727272726
1.4042366743087769,1.5505090527100998,0.43204545454545457
1.8356907367706299,1.5657203483581543,0.4240909090909091
1.567847728729248,1.5685322432084516,0.41795454545454547
1.7499408721923828,1.56643282846971,0.42
1.633800745010376,1.5561062101884322,0.4218181818181818
1.5137488842010498,1.536677278171886,0.43
1.6220743656158447,1.5194095906344327,0.44045454545454543
1.9074738025665283,1.5095384961908513,0.4456818181818182
1.62761652469635,1.5058347979458895,0.4495454545454545
1.3916866779327393,1.5064938233115457,0.45681818181818185
1.783310055732727,1.4938212984258479,0.4565909090909091
1.6683869361877441,1.4866858664425937,0.4640909090909091
1.7532223463058472,1.501280308636752,0.4561363636363636
1.4864163398742676,1.5464487691359086,0.43931818181818183
1.4170870780944824,1.6293358755111695,0.4238636363636364
1.6417791843414307,1.6820684667067094,0.4081818181818182
1.4294590950012207,1.7006833969463002,0.38954545454545453
1.8177798986434937,1.6916871400312943,0.3870454545454545
1.848053216934204,1.634425008947199,0.4018181818181818
1.4817440509796143,1.5908148202029142,0.4122727272727273
1.5392383337020874,1.5554475645585493,0.4225
1.7229702472686768,1.5177473350004715,0.4406818181818182
1.8132133483886719,1.5068124788457697,0.4465909090909091
1.491727352142334,1.5284905988519841,0.44022727272727274
1.597555160522461,1.5533974162015047,0.43136363636363634
1.5080065727233887,1.5719188863580877,0.425
1.927232027053833,1.5539355503429066,0.4263636363636364
1.4980337619781494,1.5361199422316119,0.4284090909090909
1.5582544803619385,1.545375356240706,0.4213636363636364
1.6538636684417725,1.5589643278988925,0.41954545454545455
1.400418996810913,1.5802445251291448,0.415
1.585944652557373,1.5814473217183893,0.4163636363636364
1.7978593111038208,1.5720402383804322,0.4147727272727273
1.7295228242874146,1.5736958703127775,0.4172727272727273
1.6468278169631958,1.5661897585608742,0.4197727272727273
1.4672950506210327,1.5589538461511785,0.42954545454545456
1.4242353439331055,1.5496810106797652,0.44
1.4860721826553345,1.5394403314590455,0.4415909090909091
1.6244510412216187,1.5350984313271263,0.4415909090909091
1.4743465185165405,1.5427549773996527,0.43727272727272726
1.6909371614456177,1.5619199215282094,0.4354545454545454
1.5246264934539795,1.5426788477464155,0.44522727272727275
1.4670708179473877,1.5331049728393555,0.4527272727272727
1.5442736148834229,1.527772231535478,0.4536363636363636
1.8074755668640137,1.5278923719579522,0.45295454545454544
1.5631544589996338,1.524366228797219,0.45022727272727275
1.5715436935424805,1.5264468349109996,0.45045454545454544
1.4888901710510254,1.539633950320157,0.45022727272727275
1.6982396841049194,1.563474548513239,0.445
1.415109395980835,1.5846500968933106,0.4354545454545454
1.5306614637374878,1.5845452997901224,0.43363636363636365
1.525193214416504,1.585423566644842,0.4147727272727273
1.409179925918579,1.606559447375211,0.4036363636363636
1.4332913160324097,1.605166097987782,0.4072727272727273
1.5850515365600586,1.591837392720309,0.4102272727272727
1.7437247037887573,1.569299167286266,0.4193181818181818
1.4972612857818604,1.547768793106079,0.42613636363636365
1.8763976097106934,1.529370828108354,0.4309090909090909
1.5694420337677002,1.5338231867009944,0.44
1.3432974815368652,1.5594928095557472,0.43727272727272726
1.5242886543273926,1.5645168326117775,0.4354545454545454
2.0976099967956543,1.5381871552900834,0.43568181818181817
1.4584749937057495,1.5296886842901056,0.4390909090909091
1.4020414352416992,1.5334912421486595,0.4343181818181818
1.575116515159607,1.5392232340032403,0.42818181818181816
1.9726202487945557,1.5299855917150325,0.43636363636363634
1.9407800436019897,1.5220356767827814,0.44045454545454543
1.4802758693695068,1.5249671476537532,0.43727272727272726
1.6012804508209229,1.5276472109014338,0.4459090909090909
1.7004878520965576,1.5374190803007646,0.44272727272727275
1.4936659336090088,1.542778116572987,0.44886363636363635
1.7349610328674316,1.5484389014677569,0.44795454545454544
1.4195821285247803,1.547042179107666,0.4475
1.6509076356887817,1.5453880353407425,0.44431818181818183
1.2593724727630615,1.545054879622026,0.4415909090909091
1.595301866531372,1.540431470003995,0.4431818181818182
1.7927930355072021,1.5317324495315552,0.445
1.696366786956787,1.5240192187916148,0.4395454545454546
1.2841546535491943,1.5237100791931153,0.43772727272727274
1.1566346883773804,1.53679010998119,0.43113636363636365
1.607793927192688,1.5457303827459161,0.4213636363636364
1.435661792755127,1.5711556954817338,0.40545454545454546
1.5109400749206543,1.5978062031485818,0.38795454545454544
1.4188611507415771,1.611174664063887,0.3856818181818182
1.612610936164856,1.611173132983121,0.38227272727272726
1.642268180847168,1.594836594841697,0.39431818181818185
1.792439579963684,1.5724671823328191,0.4090909090909091
1.453629493713379,1.5642479445717552,0.4263636363636364
1.1520346403121948,1.5783737642114812,0.42954545454545456
1.9504356384277344,1.561915980685841,0.43386363636363634
1.6228463649749756,1.543840732574463,0.4395454545454546
1.4534432888031006,1.522616737539118,0.44522727272727275
1.5525598526000977,1.5132071729139849,0.45045454545454544
1.5328090190887451,1.5161541518298063,0.4536363636363636
1.5375516414642334,1.5422685657848012,0.4470454545454545
1.5889097452163696,1.5531618829206988,0.43727272727272726
1.296343445777893,1.5621167742122304,0.42477272727272725
1.5021100044250488,1.5583592172102494,0.42159090909090907
1.5988187789916992,1.5608460382981735,0.41795454545454547
1.5170475244522095,1.554425726370378,0.4225
1.6546151638031006,1.5470593109997837,0.4234090909090909
1.3434854745864868,1.5401493696732955,0.4284090909090909
1.6460814476013184,1.5333326409079813,0.43636363636363634
1.7340192794799805,1.5390299094807018,0.44136363636363635
1.3605279922485352,1.540480750690807,0.4445454545454545
1.4027841091156006,1.5277688165144487,0.45
1.5465238094329834,1.5226681384173306,0.4527272727272727
1.3859378099441528,1.5334947143901478,0.4440909090909091
1.5188755989074707,1.5477756409211592,0.4368181818181818
1.5569114685058594,1.5488927598433062,0.43272727272727274
1.4372591972351074,1.538221076185053,0.4318181818181818
1.3719817399978638,1.541480961712924,0.43
1.4530853033065796,1.571589439131997,0.4127272727272727
1.6598635911941528,1.6487449585307727,0.3834090909090909
1.7870604991912842,1.7030458242242987,0.3615909090909091
1.7636780738830566,1.6948167974298651,0.35909090909090907
1.6533050537109375,1.6561618596857244,0.37522727272727274
1.6267023086547852,1.611040824543346,0.3977272727272727
1.9740055799484253,1.586879816055298,0.4113636363636364
1.5868070125579834,1.5629804372787475,0.415
1.819206953048706,1.5522656791860407,0.41818181818181815
1.6748597621917725,1.5447412724928422,0.4152272727272727
1.368039608001709,1.542897071838379,0.4284090909090909
1.3367457389831543,1.5510977853428234,0.43454545454545457
1.8089276552200317,1.5494538181478328,0.4395454545454546
1.2863044738769531,1.544402835152366,0.4420454545454545
1.5855003595352173,1.5393342846090143,0.4390909090909091
1.566676378250122,1.538997408693487,0.43772727272727274
1.3507308959960938,1.5481351861086758,0.43204545454545457
1.530970811843872,1.568199696107344,0.42977272727272725
1.6024855375289917,1.564171981378035,0.4263636363636364
1.4028306007385254,1.5478400109030983,0.43454545454545457
1.619574785232544,1.5386801619963213,0.4343181818181818
1.4455840587615967,1.518507010719993,0.4461363636363636
1.2244865894317627,1.5006671515378085,0.4606818181818182
1.5655360221862793,1.5093843997608531,0.45454545454545453
1.5155253410339355,1.531945607878945,0.4511363636363636
1.3619921207427979,1.5599533410505815,0.44022727272727274
1.338150978088379,1.5555557892539285,0.43704545454545457
1.594444990158081,1.544491174437783,0.43931818181818183
1.305765151977539,1.5247234734621915,0.4431818181818182
1.5967118740081787,1.5018506115133112,0.4536363636363636
1.5175601243972778,1.4787776712937788,0.4675
1.3796961307525635,1.4648380765047941,0.4652272727272727
1.5944842100143433,1.4713805398074062,0.46295454545454545
1.4412819147109985,1.4942529955777255,0.45204545454545453
1.4679911136627197,1.5002303916757758,0.44977272727272727
1.2943339347839355,1.4960200587185946,0.4511363636363636
1.776503324508667,1.480853419303894,0.45545454545454545
2.034945487976074,1.5632030682130293,0.42477272727272725
1.4852399826049805,1.7214369903911244,0.3684090909090909
2.0895473957061768,1.6694067339463667,0.3875
1.5861375331878662,1.5549014841426503,0.42159090909090907
1.567774772644043,1.5400342672521419,0.4202272727272727
1.460261344909668,1.5531804839047518,0.4122727272727273
1.4891109466552734,1.5785071576725354,0.4011363636363636
1.6209931373596191,1.5978413183038884,0.38977272727272727
1.6246159076690674,1.6047735725749623,0.3881818181818182
1.4636180400848389,1.6063922674005682,0.38386363636363635
1.4319171905517578,1.600029141252691,0.39136363636363636
1.23270845413208,1.586188439022411,0.4018181818181818
1.9368482828140259,1.566954388184981,0.4115909090909091
1.6139519214630127,1.549800703308799,0.4279545454545455
1.5960252285003662,1.5361105671795932,0.44795454545454544
1.5529961585998535,1.5303360600904985,0.4552272727272727
1.639202356338501,1.5286458271200007,0.4572727272727273
1.578537940979004,1.5210480451583863,0.4665909090909091
1.6172070503234863,1.5148294786973433,0.4681818181818182
1.3973543643951416,1.4999270716580477,0.4702272727272727
2.2812459468841553,1.4933769954334606,0.46636363636363637
1.482059359550476,1.4998522654446689,0.45681818181818185
1.5774013996124268,1.5083783015337857,0.455
1.388513445854187,1.5143050453879616,0.44886363636363635
1.8552887439727783,1.5216619847037576,0.4445454545454545
1.4802794456481934,1.5124568167599766,0.4506818181818182
1.645965337753296,1.507691597071561,0.4531818181818182
1.584226369857788,1.5087538233670321,0.45704545454545453
1.6979632377624512,1.4989144303581932,0.4622727272727273
1.733689546585083,1.4967361922697588,0.4618181818181818
1.4550095796585083,1.4916059346632524,0.4622727272727273
1.5001606941223145,1.4859393618323586,0.4647727272727273
1.3100504875183105,1.4841343506899747,0.4636363636363636
1.6188087463378906,1.4826915082064542,0.4661363636363636
1.4075461626052856,1.485071041800759,0.4647727272727273
1.712265968322754,1.4779944749311966,0.4722727272727273
1.4757651090621948,1.4743985652923584,0.465
1.572888970375061,1.4831520266966387,0.4509090909090909
1.4191147089004517,1.497150664763017,0.4409090909090909
1.7467515468597412,1.5184516755017368,0.42863636363636365
1.451329231262207,1.551312687180259,0.4193181818181818
1.6721417903900146,1.5613892503218216,0.4152272727272727
1.4333586692810059,1.5625069479508833,0.4152272727272727
1.641573429107666,1.557479286627336,0.41613636363636364
1.7226629257202148,1.5363563585281372,0.4263636363636364
1.8147636651992798,1.5164442877335982,0.44181818181818183
1.5784602165222168,1.512175301205028,0.44113636363636366
1.6020641326904297,1.525897403196855,0.4381818181818182
1.5823719501495361,1.5333691336891868,0.43386363636363634
1.801824927330017,1.5241924780065363,0.4368181818181818
1.424541711807251,1.549639084555886,0.42477272727272725
1.556514859199524,1.579036251414906,0.41295454545454546
1.4123624563217163,1.6079193379662253,0.3968181818181818
1.3913309574127197,1.5970866207642989,0.3981818181818182
1.530698537826538,1.5939910047704524,0.4002272727272727
1.6410683393478394,1.5679872504147616,0.4147727272727273
1.6329638957977295,1.5504739817706021,0.42363636363636364
1.5788803100585938,1.5462930982763117,0.4259090909090909
1.4266610145568848,1.5489132126894865,0.4284090909090909
2.0166029930114746,1.5542384529113769,0.4334090909090909
1.615659475326538,1.5443150901794434,0.4368181818181818
1.6543391942977905,1.53504140290347,0.4415909090909091
1.5266482830047607,1.5250869391181252,0.4465909090909091
1.6374098062515259,1.5199308798529885,0.4536363636363636
1.5208112001419067,1.5090398424321956,0.46
1.566329002380371,1.501651037389582,0.45840909090909093
1.7310822010040283,1.4966681237654254,0.4615909090909091
1.5824816226959229,1.4942106680436569,0.46204545454545454
1.5276602506637573,1.5015143143046985,0.46136363636363636
1.3216371536254883,1.512359318299727,0.4552272727272727
1.4337120056152344,1.507163796858354,0.45295454545454544
1.7491997480392456,1.5020745082335039,0.4515909090909091
1.597038984298706,1.5036898456920278,0.45045454545454544
1.5904850959777832,1.5032268281416459,0.4459090909090909
1.4569138288497925,1.491887646154924,0.455
1.4855459928512573,1.4854204706712202,0.45681818181818185
1.7002499103546143,1.480587558746338,0.45886363636363636
1.4651305675506592,1.4821582807194102,0.45636363636363636
1.6122095584869385,1.4899506898359818,0.45181818181818184
1.659005045890808,1.4878463198921896,0.4527272727272727
1.3864014148712158,1.4831257117878307,0.4525
1.273352026939392,1.4818897845528343,0.45431818181818184
1.5503637790679932,1.4816478144038807,0.4495454545454545
1.5932185649871826,1.4836655885523016,0.4481818181818182
1.4130628108978271,1.4966103432395241,0.44431818181818183
1.381385326385498,1.510468783378601,0.4431818181818182
1.5605329275131226,1.5023505505648527,0.44363636363636366
1.186640739440918,1.504668436050415,0.4445454545454545
1.6532118320465088,1.5007677247307518,0.4470454545454545
1.3915654420852661,1.4926194789192893,0.4531818181818182
1.4945627450942993,1.4894871009479869,0.4536363636363636
1.4563542604446411,1.4849664974212646,0.45590909090909093
1.6050922870635986,1.4675819097865712,0.45704545454545453
1.332216739654541,1.4612085619839754,0.45704545454545453
1.0542957782745361,1.4655219932035966,0.45636363636363636
1.4705092906951904,1.4757573552565142,0.4540909090909091
1.4825069904327393,1.4903999796780674,0.4445454545454545
1.4588572978973389,1.500118823484941,0.43977272727272726
1.72239089012146,1.51351826581088,0.43
1.3074252605438232,1.5260858249664306,0.42613636363636365
1.5403385162353516,1.5323513273759322,0.42454545454545456
1.3790621757507324,1.539799558466131,0.41795454545454547
1.5312325954437256,1.5423286906155673,0.4163636363636364
1.6800073385238647,1.5209584201465953,0.42863636363636365
1.1789401769638062,1.4977438748966563,0.4340909090909091
1.297755479812622,1.47978496204723,0.4470454545454545
1.7130290269851685,1.4598268773339012,0.46204545454545454
1.544168472290039,1.4528091781789607,0.47113636363636363
1.3938307762145996,1.4681505610726096,0.4697727272727273
1.3719706535339355,1.5064223267815329,0.4556818181818182
1.723459243774414,1.5031325223229148,0.45636363636363636
1.7996958494186401,1.4720430027354847,0.4727272727272727
1.395132303237915,1.4715048798647794,0.4697727272727273
1.5731158256530762,1.465676164193587,0.46886363636363637
1.4049879312515259,1.4645978407426314,0.46704545454545454
1.3915741443634033,1.4664267123829235,0.4572727272727273
1.4094114303588867,1.470055729259144,0.4486363636363636
1.5443001985549927,1.4765420757640493,0.4440909090909091
1.6233898401260376,1.4899308187311346,0.4368181818181818
1.7818105220794678,1.4936073381250554,0.445
1.422731876373291,1.4964658173647793,0.44886363636363635
1.7848323583602905,1.496039270921187,0.45136363636363636
1.5186067819595337,1.4930476903915406,0.45340909090909093
1.4185669422149658,1.4835321101275358,0.45795454545454545
1.5415067672729492,1.471274865323847,0.46136363636363636
1.3347041606903076,1.454413575259122,0.46863636363636363
1.263159990310669,1.4388828112862326,0.4763636363636364
1.5368525981903076,1.4324110833081332,0.4759090909090909
1.3536982536315918,1.4282926758852872,0.4759090909090909
1.2291098833084106,1.4298471169038252,0.48068181818181815
1.4212523698806763,1.436341962814331,0.4759090909090909
1.6426260471343994,1.44235745863481,0.4681818181818182
1.7432243824005127,1.4532606636394154,0.4622727272727273
1.3853716850280762,1.4538647573644465,0.4643181818181818
1.6698132753372192,1.4449504288760098,0.4740909090909091
1.3964543342590332,1.4485088608481667,0.47045454545454546
1.8026783466339111,1.4562050169164484,0.4713636363636364
2.1214816570281982,1.4546822279149836,0.475
1.6118748188018799,1.4518084812164307,0.48
1.3879046440124512,1.4608229307694869,0.4738636363636364
1.6406867504119873,1.489530515237288,0.46
1.386932373046875,1.5439774920723655,0.43863636363636366
1.710313081741333,1.539525495442477,0.44113636363636366
1.50162935256958,1.518860313242132,0.4481818181818182
1.7587916851043701,1.5120012933557683,0.45386363636363636
1.753869891166687,1.4997052439776335,0.4577272727272727
1.5087292194366455,1.4980847878889605,0.45590909090909093
2.019866943359375,1.4752026870033959,0.4652272727272727
1.4924769401550293,1.4615010252865879,0.4706818181818182
1.483626365661621,1.4614948719198053,0.47204545454545455
1.5689263343811035,1.4742752929167313,0.4706818181818182
1.4565322399139404,1.4929823008450596,0.45795454545454545
1.6106663942337036,1.5094659051028165,0.4486363636363636
1.3557072877883911,1.5186485776034269,0.44136363636363635
1.5285115242004395,1.5060876811634412,0.4475
1.6172528266906738,1.4879870761524547,0.45340909090909093
1.2773878574371338,1.4663910115848888,0.465
1.2021995782852173,1.4537310275164517,0.47045454545454546
1.6848397254943848,1.4482944809306753,0.4772727272727273
1.3325889110565186,1.4500269170240923,0.4727272727272727
1.5375304222106934,1.480028616731817,0.45704545454545453
1.291959285736084,1.46049165725708,0.46636363636363637
1.424025058746338,1.4665946938774803,0.47204545454545455
1.5303868055343628,1.489267933585427,0.4618181818181818
1.785688042640686,1.5084816707264292,0.44795454545454544
1.5391006469726562,1.5401100232384421,0.42818181818181816
1.2655184268951416,1.570426427234303,0.4147727272727273
1.5354379415512085,1.5897892821918835,0.4009090909090909
1.4287117719650269,1.5768765128742566,0.4040909090909091
1.53727388381958,1.5720933632417158,0.4056818181818182
1.402485728263855,1.5543360649455678,0.4113636363636364
1.3931280374526978,1.531779099377719,0.42363636363636364
1.6119608879089355,1.5186868689276956,0.4279545454545455
1.4626789093017578,1.5166772972453724,0.43022727272727274
1.417207956314087,1.5121620707078414,0.4340909090909091
1.8011119365692139,1.5075275031003086,0.4395454545454546
1.456663966178894,1.5070278445157137,0.4440909090909091
1.2964024543762207,1.4994328334114768,0.44727272727272727
1.3731956481933594,1.4851317197626288,0.45045454545454544
1.46932852268219,1.465882043838501,0.4581818181818182
1.377729058265686,1.453256216916171,0.46886363636363637
1.3624122142791748,1.451877908706665,0.4802272727272727
1.1787422895431519,1.4619576094367288,0.4818181818181818
1.6417955160140991,1.4727099349282005,0.48045454545454547
1.452378273010254,1.4922988154671408,0.4768181818181818
1.5097403526306152,1.4969745588302612,0.4781818181818182
1.513529896736145,1.466383781866594,0.49022727272727273
1.1004140377044678,1.4520526638897981,0.49113636363636365
1.6561651229858398,1.4481695383245294,0.4909090909090909
1.535836935043335,1.4675191046974876,0.48522727272727273
1.858872890472412,1.5009669754721902,0.46136363636363636
1.5028283596038818,1.5312059541182084,0.44545454545454544
1.7508889436721802,1.542970090345903,0.4365909090909091
1.8615782260894775,1.5422456550598145,0.43386363636363634
1.309614896774292,1.5242544044147839,0.43863636363636366
1.7263331413269043,1.5030339349399913,0.44977272727272727
1.266160011291504,1.486406860785051,0.45454545454545453
1.4248796701431274,1.4859135614741932,0.45590909090909093
1.565118432044983,1.5105947104367343,0.4531818181818182
1.3867995738983154,1.5555879259109497,0.44545454545454544
1.2309925556182861,1.5673945552652533,0.44772727272727275
1.7644612789154053,1.5273158858039162,0.4665909090909091
0.9710308313369751,1.489214676510204,0.48363636363636364
1.6477487087249756,1.4603754125941883,0.48772727272727273
1.7228615283966064,1.4616880421205,0.4813636363636364
1.4262217283248901,1.4699607636711813,0.4784090909090909
1.8765945434570312,1.4698999708349054,0.47795454545454547
1.4115545749664307,1.468794365796176,0.48113636363636364
1.4078078269958496,1.4674288082122802,0.48045454545454547
1.1639063358306885,1.4691321927850898,0.4775
1.404310703277588,1.4682607702775434,0.47954545454545455
1.666072130203247,1.4746084768121892,0.4715909090909091
1.4820700883865356,1.4933398324793035,0.4606818181818182
1.550741195678711,1.522160289070823,0.4486363636363636
1.4225072860717773,1.532311325073242,0.43795454545454543
1.4722410440444946,1.5148298905112527,0.43977272727272726
1.2896945476531982,1.4871948554299095,0.44886363636363635
1.3967777490615845,1.4840433736280962,0.44636363636363635
1.574310302734375,1.490698198405179,0.4425
1.3810415267944336,1.500151626847007,0.43522727272727274
1.4567995071411133,1.5061721858111294,0.43863636363636366
1.6983764171600342,1.5043566864187068,0.44113636363636366
1.3383293151855469,1.4984250640869141,0.44181818181818183
1.340986967086792,1.49290517763658,0.43613636363636366
1.4275219440460205,1.488281295082786,0.44522727272727275
1.5558724403381348,1.5055818262967195,0.4431818181818182
1.4434841871261597,1.5511253304914994,0.44022727272727274
1.4526951313018799,1.525370566628196,0.4506818181818182
1.5790150165557861,1.464041050564159,0.46295454545454545
1.6432311534881592,1.5025344289432871,0.4459090909090909
1.6513551473617554,1.529764630577781,0.4304545454545455
1.4768648147583008,1.5436600533398714,0.425
1.7610912322998047,1.5384172790700739,0.4265909090909091
1.5501326322555542,1.5229908683083273,0.4315909090909091
1.9374428987503052,1.500252609686418,0.43636363636363634
1.5961774587631226,1.4898847683993253,0.43977272727272726
1.555478811264038,1.5110815897854892,0.4222727272727273
1.0879580974578857,1.5451018723574552,0.4047727272727273
1.6910629272460938,1.5485169605775313,0.4040909090909091
1.4173884391784668,1.5281845703991976,0.41795454545454547
1.5467720031738281,1.495481501492587,0.43772727272727274
1.283748984336853,1.4583261186426335,0.4672727272727273
1.7672061920166016,1.4363783758336848,0.48545454545454547
1.4903043508529663,1.4296659252860329,0.48545454545454547
1.2277746200561523,1.450357305353338,0.47909090909090907
1.4057183265686035,1.47271390654824,0.47295454545454546
1.5611860752105713,1.4406327247619628,0.49113636363636365
1.1885831356048584,1.4428561696139248,0.49
1.388914704322815,1.4528460294550116,0.48454545454545456
1.7356599569320679,1.4691880078749222,0.4702272727272727
1.767474889755249,1.4911220919002186,0.4561363636363636
1.2616733312606812,1.5084046970714222,0.4415909090909091
1.4751492738723755,1.5101858537847346,0.4390909090909091
1.5242137908935547,1.495094240361994,0.44681818181818184
1.6762046813964844,1.479429982358759,0.45227272727272727
1.290876865386963,1.4745334503867409,0.4515909090909091
1.823738694190979,1.4733937246149236,0.45545454545454545
1.2224886417388916,1.4732991487329656,0.4577272727272727
1.548525333404541,1.4828517827120695,0.45227272727272727
1.4304561614990234,1.4911618722568858,0.45022727272727275
1.5456907749176025,1.4957859256050803,0.4434090909090909
1.375549077987671,1.502511437589472,0.43363636363636365
1.328782558441162,1.4933739523454146,0.43727272727272726
1.3801831007003784,1.4798111941597678,0.44431818181818183
1.1885091066360474,1.4725965421850031,0.4475
1.4559687376022339,1.465660995570096,0.45840909090909093
1.3436821699142456,1.4615154179659757,0.4702272727272727
1.902991533279419,1.4602988962693648,0.4772727272727273
1.3475024700164795,1.471995780251243,0.4756818181818182
1.3747990131378174,1.4937630488655784,0.4681818181818182
1.6404876708984375,1.5012513234398581,0.465
1.2832614183425903,1.4771031306006692,0.4759090909090909
1.63861083984375,1.441958153031089,0.48772727272727273
1.2428501844406128,1.4186479620500045,0.49318181818181817
1.5131510496139526,1.4132353435863148,0.4915909090909091
1.4597492218017578,1.4160318587043068,0.4879545454545455
1.6147918701171875,1.4228880379416726,0.4834090909090909
1.6453723907470703,1.4291553271900523,0.47795454545454547
1.2507108449935913,1.4387191113558682,0.4738636363636364
1.5404834747314453,1.4544976286454634,0.46795454545454546
1.3539398908615112,1.4729437563636085,0.4552272727272727
1.73477041721344,1.4853148807178844,0.45340909090909093
1.6364104747772217,1.4948850748755715,0.4527272727272727
1.357012152671814,1.5045467298681086,0.45045454545454544
1.3745920658111572,1.506056300943548,0.44727272727272727
1.3540499210357666,1.4991652965545654,0.45022727272727275
1.381724238395691,1.490245711586692,0.4552272727272727
1.4772822856903076,1.48432430267334,0.45681818181818185
1.366020679473877,1.4723019695281983,0.4659090909090909
1.3649712800979614,1.4539751729098234,0.4661363636363636
1.3064935207366943,1.4447428846359254,0.46454545454545454
1.5032141208648682,1.4407057224620472,0.4625
1.2669599056243896,1.440013112154874,0.4618181818181818
1.3589985370635986,1.4304488511518998,0.47
1.7676026821136475,1.4286364620382135,0.4731818181818182
1.341691493988037,1.4244441132111982,0.4752272727272727
1.383305311203003,1.4212456317381426,0.4777272727272727
1.222886562347412,1.419514326615767,0.48068181818181815
1.565581202507019,1.4208393270319157,0.47954545454545455
1.137035608291626,1.430642219023271,0.4715909090909091
1.2874679565429688,1.435397620634599,0.47
1.2281404733657837,1.4332234373959627,0.47
1.4526827335357666,1.4312412053888495,0.47045454545454546
1.2896595001220703,1.4359804253144697,0.46954545454545454
1.4330394268035889,1.4427751185677269,0.46863636363636363
1.2826008796691895,1.4527006617459384,0.4631818181818182
1.1746814250946045,1.4563854850422253,0.4659090909090909
1.332930564880371,1.4562288457697088,0.47
1.7255332469940186,1.4657943313772028,0.4665909090909091
2.0249993801116943,1.4950417241183194,0.4556818181818182
1.4093341827392578,1.5421591906114058,0.4431818181818182
1.520448923110962,1.6045997259833595,0.42318181818181816
1.7186648845672607,1.5882264310663397,0.4284090909090909
1.1453849077224731,1.5761906935951926,0.43204545454545457
1.5072829723358154,1.5679863765022972,0.43454545454545457
1.6512022018432617,1.524477086500688,0.44272727272727275
1.5142593383789062,1.4948424399982798,0.4525
1.751275897026062,1.4617768608440052,0.4647727272727273
1.4073773622512817,1.4454241453517567,0.47659090909090907
1.871224045753479,1.4425947492772884,0.48818181818181816
1.5555152893066406,1.4491848876259543,0.4834090909090909
1.26474928855896,1.4603533562746915,0.475
1.435723066329956,1.4669767262718894,0.4731818181818182
1.0811467170715332,1.4907691829854792,0.4709090909090909
1.5659294128417969,1.485247456810691,0.4722727272727273
1.7397215366363525,1.4830301055041226,0.4713636363636364
1.4842588901519775,1.4804827208952471,0.47204545454545455
1.3482551574707031,1.4799130366065285,0.4643181818181818
1.2750098705291748,1.4920485505190764,0.45204545454545453
1.5249545574188232,1.4930301120064475,0.4415909090909091
1.460632085800171,1.49825645013289,0.4325
1.3285741806030273,1.5057652668519454,0.4275
1.426743745803833,1.5022357905994763,0.43068181818181817
1.4350335597991943,1.4895883204720237,0.4415909090909091
1.6398663520812988,1.4814378547668456,0.4527272727272727
1.7116154432296753,1.477279219193892,0.4715909090909091
1.2952401638031006,1.459580874009566,0.4781818181818182
1.5694580078125,1.4448554611206055,0.4740909090909091
1.6209707260131836,1.4435297402468594,0.4725
1.5545101165771484,1.4460636199604382,0.4675
1.299165964126587,1.448694365241311,0.47
1.2820134162902832,1.4495549752495505,0.4690909090909091
1.4449357986450195,1.4462796831130982,0.4752272727272727
1.4550015926361084,1.441364603909579,0.47954545454545455
1.0714378356933594,1.4353179034319792,0.4843181818181818
1.5079865455627441,1.4311880865964022,0.485
1.6573007106781006,1.4294760019128974,0.4827272727272727
1.387984275817871,1.4281375928358597,0.48318181818181816
1.314838171005249,1.4272440095381302,0.4822727272727273
1.5796208381652832,1.4281788760965521,0.48545454545454547
1.4299671649932861,1.4331589091907848,0.48545454545454547
1.334144949913025,1.4451655851710927,0.4865909090909091
1.2982391119003296,1.452314429283142,0.485
1.4258787631988525,1.4613915473764594,0.48568181818181816
1.406661033630371,1.4808766625144265,0.48
1.4451618194580078,1.526553732698614,0.4665909090909091
1.4308435916900635,1.564247449094599,0.45795454545454545
1.6687712669372559,1.5489550044319846,0.4593181818181818
1.7144982814788818,1.5025981460918079,0.4684090909090909
1.582676887512207,1.4734548607739535,0.4756818181818182
1.262568473815918,1.4653075755726208,0.4665909090909091
1.325347900390625,1.4772132275321266,0.4627272727272727
1.5039541721343994,1.498892309882424,0.45227272727272727
1.481418490409851,1.5119691337238659,0.4465909090909091
1.342530369758606,1.5110572966662321,0.45
1.9036179780960083,1.5022536156394264,0.45022727272727275
1.0313035249710083,1.4929015059904618,0.45795454545454545
1.5636425018310547,1.4776042764837092,0.46886363636363637
1.6573243141174316,1.4680523252487183,0.4768181818181818
1.4191218614578247,1.459709559353915,0.48113636363636364
1.314133882522583,1.462761259945956,0.47909090909090907
1.572120189666748,1.4636739245328036,0.47545454545454546
1.2598955631256104,1.4583146008578214,0.4768181818181818
1.5672905445098877,1.451886287169023,0.48113636363636364
1.457021951675415,1.4628713139620695,0.4747727272727273
1.3892977237701416,1.4750114250183106,0.46795454545454546
1.4055830240249634,1.486142088283192,0.45545454545454545
1.264936923980713,1.4712109409679066,0.46090909090909093
1.5819231271743774,1.4581861634687945,0.46545454545454545
1.4812440872192383,1.4356441428444602,0.4734090909090909
1.7000632286071777,1.41829261302948,0.47954545454545455
1.4924098253250122,1.424322626807473,0.4763636363636364
1.3720982074737549,1.4430345431241123,0.4722727272727273
1.223084807395935,1.4884675069288773,0.46386363636363637
1.1847920417785645,1.494727482362227,0.4636363636363636
1.1407277584075928,1.4622856010090222,0.47113636363636363
1.5159672498703003,1.44284657608379,0.47795454545454547
1.126747965812683,1.4357137610695578,0.4740909090909091
1.2109992504119873,1.4451193193955856,0.4768181818181818
1.2021522521972656,1.4546912245316939,0.4725
1.5574184656143188,1.4603791462291371,0.47613636363636364
1.3760054111480713,1.4507503067363392,0.4847727272727273
1.2001678943634033,1.443572501702742,0.48863636363636365
1.2490453720092773,1.4433292735706675,0.4863636363636364
1.6531463861465454,1.447160247889432,0.4822727272727273
1.3012380599975586,1.4493595370379362,0.4813636363636364
1.3126006126403809,1.4525039664181796,0.47704545454545455
2.0427932739257812,1.4432902570204302,0.4756818181818182
1.3827238082885742,1.4585893427241932,0.4634090909090909
1.4569027423858643,1.456862542845986,0.46545454545454545
1.6125233173370361,1.449803875576366,0.4690909090909091
1.3421075344085693,1.4260869953849098,0.48045454545454547
1.3045353889465332,1.4178793720765548,0.49
1.5860482454299927,1.4186309866471725,0.49363636363636365
0.9170709252357483,1.4289906579797917,0.4943181818181818
1.3748377561569214,1.424862204464999,0.4915909090909091
1.4347236156463623,1.4214676640250465,0.49386363636363634
1.6863032579421997,1.4036245515129784,0.5031818181818182
1.3858349323272705,1.3977142069556496,0.5034090909090909
1.357290506362915,1.3999454680356112,0.4990909090909091
1.6086156368255615,1.4113702232187444,0.4954545454545455
1.5099859237670898,1.422655859860507,0.49022727272727273
1.3264801502227783,1.4283092806556008,0.4884090909090909
1.8316426277160645,1.4287796042182228,0.4893181818181818
1.3437397480010986,1.4362481117248536,0.4822727272727273
1.3641763925552368,1.4421131255409934,0.48318181818181816
1.7554078102111816,1.4605864763259888,0.48113636363636364
1.407834768295288,1.4656105548685248,0.4784090909090909
1.2567006349563599,1.4654587251489812,0.48159090909090907
1.8909128904342651,1.4549896669387818,0.48409090909090907
1.8663713932037354,1.4258176188035445,0.49068181818181816
1.7010973691940308,1.4037549456683072,0.4990909090909091
1.4980357885360718,1.4133584382317284,0.49818181818181817
1.196347951889038,1.4654140576449308,0.4802272727272727
1.4415472745895386,1.4878116191517223,0.47659090909090907
